20621,female,NULL,NULL,NULL,NULL,NULL,NULL
111670,female,NULL,NULL,NULL,NULL,NULL,NULL
204285,female,NULL,NULL,NULL,NULL,NULL,NULL
307208,female,NULL,105910816110167,"Mount Prospect, Illinois",114952118516947,"San Francisco, California",NULL
311696,male,NULL,104085662961413,"Gary, Indiana",109686922383970,"Princeton, New Jersey",NULL
509259,male,NULL,NULL,NULL,NULL,NULL,NULL
816955,male,1985,108591349161413,"Kansas City, Missouri",113202348690374,"Pleasantville, New York",NULL
825273,female,NULL,NULL,NULL,114952118516947,"San Francisco, California",25
1005752,male,1985,108031199219412,"Gardiner, Maine",108031199219412,"Gardiner, Maine",NULL
1223910,female,1987,107989635888520,"Willits, California",108659242498155,"Chicago, Illinois",NULL
1608193,female,NULL,NULL,NULL,NULL,NULL,NULL
1801058,female,1985,105923419438391,"Augusta, Maine",109352265750998,"Medford, Massachusetts",8
1816950,female,NULL,105923419438391,"Augusta, Maine",114952118516947,"San Francisco, California",NULL
1932121,female,NULL,NULL,NULL,NULL,NULL,NULL
2102402,male,NULL,NULL,NULL,NULL,NULL,NULL
2205594,female,NULL,NULL,NULL,NULL,NULL,NULL
2207723,female,NULL,NULL,NULL,NULL,NULL,NULL
2207930,female,NULL,NULL,NULL,NULL,NULL,NULL
2216665,female,NULL,109154949102795,"Fraser, Michigan",105479049486624,"Ann Arbor, Michigan",NULL
2229741,female,NULL,NULL,NULL,NULL,NULL,NULL
2230033,female,NULL,107374972619298,"Battle Creek, Michigan",112358675446636,"Ypsilanti, Michigan",NULL
2235469,female,1987,108062475895194,"Willis, Michigan",105479049486624,"Ann Arbor, Michigan",9
2240934,male,NULL,NULL,NULL,NULL,NULL,NULL
2261898,female,NULL,NULL,NULL,NULL,NULL,NULL
2327902,male,NULL,107916029228988,"Sterling Heights, Michigan",108401012517442,"Waco, Texas",NULL
2357386,female,NULL,112133118803375,"East Lansing, Michigan",105479049486624,"Ann Arbor, Michigan",NULL
2359772,NULL,NULL,NULL,NULL,NULL,NULL,NULL
2537790,female,NULL,NULL,NULL,110970792260960,"Los Angeles, California",25
2604962,male,NULL,NULL,NULL,NULL,NULL,NULL
2803435,female,NULL,NULL,NULL,NULL,NULL,NULL
3201568,female,NULL,NULL,NULL,NULL,NULL,NULL
3421834,male,NULL,NULL,NULL,NULL,NULL,NULL
3700612,female,NULL,NULL,NULL,NULL,NULL,NULL
3701420,female,NULL,NULL,NULL,NULL,NULL,NULL
4402219,male,NULL,112111905481230,"Brooklyn, New York",106003956105810,"Boston, Massachusetts",6
4600236,female,NULL,107702429259912,"Whitefield, Maine",110184922344060,"Washington, District of Columbia",NULL
4600962,female,NULL,105923419438391,"Augusta, Maine",NULL,NULL,NULL
4602689,female,NULL,NULL,NULL,NULL,NULL,NULL
4800483,female,NULL,NULL,NULL,114943251851302,"Pittsburgh, Pennsylvania",NULL
4812888,male,NULL,NULL,NULL,NULL,NULL,NULL
4813032,female,NULL,NULL,NULL,NULL,NULL,NULL
4813145,female,NULL,114943251851302,"Pittsburgh, Pennsylvania",105479049486624,"Ann Arbor, Michigan",NULL
5304244,male,1986,105606806138656,"Wilton, Connecticut",108424279189115,"New York, New York",25
5307908,female,NULL,NULL,NULL,108424279189115,"New York, New York",1
5401755,male,NULL,NULL,NULL,NULL,NULL,NULL
5500028,female,NULL,109748972377870,"Syracuse, New York",NULL,NULL,23
5500033,male,1986,109748972377870,"Syracuse, New York",108424279189115,"New York, New York",1
5500055,male,NULL,NULL,NULL,NULL,NULL,NULL
5500059,female,NULL,112925422052514,"Ridgefield, Connecticut",108659242498155,"Chicago, Illinois",NULL
5500070,female,NULL,NULL,NULL,NULL,NULL,1
5500072,female,NULL,NULL,NULL,NULL,NULL,NULL
5500102,female,NULL,NULL,NULL,NULL,NULL,NULL
5500118,male,NULL,112724222073659,"Highland Park, Illinois",108424279189115,"New York, New York",4
5500129,female,NULL,112594158754514,"Boynton Beach, Florida",110148382341970,"Miami, Florida",25
5500172,female,NULL,NULL,NULL,NULL,NULL,NULL
5500273,male,NULL,112111905481230,"Brooklyn, New York",NULL,NULL,7
5500297,female,NULL,108176125870600,"Phoenixville, Pennsylvania",109321959087603,"Emmaus, Pennsylvania",1
5500308,female,NULL,NULL,NULL,NULL,NULL,NULL
5500395,female,NULL,109497372402185,"Middleton, Massachusetts",106003956105810,"Boston, Massachusetts",2
5500547,female,1985,104013086302918,"Conesus, New York",114943251851302,"Pittsburgh, Pennsylvania",12
5500672,male,NULL,NULL,NULL,NULL,NULL,NULL
5500719,female,1986,112438218775062,"Baltimore, Maryland",108424279189115,"New York, New York",NULL
5501081,female,NULL,106025006096276,"Berlin, Connecticut",108424279189115,"New York, New York",NULL
5501125,male,NULL,104042829633476,"Johnson City, New York",114829998534302,"Arlington, Virginia",NULL
5501136,female,NULL,104035212965500,"Wyckoff, New Jersey",108424279189115,"New York, New York",NULL
5501270,male,1986,108675425831191,"Old Bridge, New Jersey",112111905481230,"Brooklyn, New York",25
5501296,female,1986,112500305428799,"Fairport, New York",107620962593801,"Quincy, Massachusetts",25
5501300,male,NULL,NULL,NULL,NULL,NULL,NULL
5501318,male,1984,103123443062001,"Danvers, Massachusetts",110620405626129,"Astoria, New York",NULL
5501339,male,NULL,114943251851302,"Pittsburgh, Pennsylvania",108659242498155,"Chicago, Illinois",25
5501356,female,NULL,NULL,NULL,NULL,NULL,NULL
5501478,male,1986,NULL,NULL,109683405724572,"Santa Monica, California",NULL
5501525,male,1984,112351638776591,"Keene, New Hampshire",101881036520836,"Philadelphia, Pennsylvania",NULL
5501536,female,NULL,NULL,NULL,NULL,NULL,NULL
5501551,male,NULL,109697565723356,"Kenmore, New York",109436565740998,"Tulsa, Oklahoma",NULL
5501577,female,1986,108302035857106,"Bloomfield Hills, Michigan",106078429431815,"London, United Kingdom",8
5501687,male,NULL,113076228706869,"Clifton, Virginia",108288992526695,"Orlando, Florida",NULL
5501696,male,NULL,NULL,NULL,NULL,NULL,NULL
5501814,male,1985,105686216130835,"Barnegat, New Jersey",NULL,NULL,9
5501905,male,NULL,112854165392435,"Wellesley, Massachusetts",NULL,NULL,11
5501918,male,NULL,NULL,NULL,NULL,NULL,NULL
5501923,female,1984,103358389705439,"New Hartford, New York",109761179043309,"Liverpool, New York",NULL
5502112,male,NULL,105664369467766,"Brentwood, New Hampshire",110970792260960,"Los Angeles, California",NULL
5502151,male,NULL,NULL,NULL,NULL,NULL,NULL
5502183,male,NULL,105923419438391,"Augusta, Maine",110970792260960,"Los Angeles, California",3
5502432,female,NULL,106580856043139,"Saugerties, New York",112548152092705,"Portland, Oregon",NULL
5502584,female,1986,108122749216779,"Farmington, New York",111723415507516,"Canandaigua (city), New York",25
5502736,female,NULL,112053068807199,"Pacific Grove, California",108424279189115,"New York, New York",2
5502773,female,1985,107408419281868,"Weston, Massachusetts",112406605441665,"Brookline, Massachusetts",25
5502925,female,NULL,110148382341970,"Miami, Florida",110970792260960,"Los Angeles, California",1
5503213,male,NULL,NULL,NULL,NULL,NULL,NULL
5503239,female,NULL,NULL,NULL,108056275889020,"Cambridge, Massachusetts",4
5503272,male,NULL,NULL,NULL,NULL,NULL,NULL
5503384,male,1985,108031375891315,"Belchertown, Massachusetts",104019619634224,"Savannah, Georgia",25
5503389,female,NULL,NULL,NULL,NULL,NULL,NULL
5503460,female,1986,109324835754083,"Buffalo, New York",109324835754083,"Buffalo, New York",2
5503546,female,1933,105998039430784,"North Pole, Alaska",105596609473837,"Worcester, Massachusetts",NULL
5503620,female,NULL,105997179430689,"Ho-Ho-Kus, New Jersey",108424279189115,"New York, New York",NULL
5503721,female,NULL,107607985935950,"New Haven, Vermont",101881036520836,"Philadelphia, Pennsylvania",4
5503779,female,NULL,106224666074625,"Austin, Texas",106078429431815,"London, United Kingdom",NULL
5503800,male,NULL,NULL,NULL,NULL,NULL,NULL
5503868,male,NULL,NULL,NULL,NULL,NULL,NULL
5504136,male,NULL,106325172737569,"Bronx, New York",110620405626129,"Astoria, New York",16
5504157,male,1985,112762132070166,"Bayville, New Jersey",NULL,NULL,12
5504578,female,NULL,104146386288393,"Newton, Massachusetts",110714572282163,"San Diego, California",25
5504677,female,1985,112285508788667,"Somerville, Massachusetts",108109332550034,"Wilmington, Massachusetts",3
5504704,male,NULL,NULL,NULL,112548152092705,"Portland, Oregon",NULL
5504887,male,NULL,NULL,NULL,NULL,NULL,NULL
5504900,female,NULL,NULL,NULL,110648162288620,"Milwaukee, Wisconsin",1
5504984,male,NULL,NULL,NULL,NULL,NULL,NULL
5505172,female,NULL,108255749198502,"Pembroke, Massachusetts",107620962593801,"Quincy, Massachusetts",2
5505201,female,NULL,NULL,NULL,NULL,NULL,NULL
5505431,male,NULL,NULL,NULL,NULL,NULL,NULL
5505441,female,NULL,NULL,NULL,NULL,NULL,NULL
5505465,male,1986,103786666326148,"Newport News, Virginia",110620405626129,"Astoria, New York",NULL
5505511,female,1985,101889586519301,"Dhaka, Bangladesh",108424279189115,"New York, New York",NULL
5505804,female,NULL,NULL,NULL,NULL,NULL,NULL
5505809,female,1986,106325172737569,"Bronx, New York",106408566062300,"Montevideo, Uruguay",NULL
5505919,female,NULL,NULL,NULL,NULL,NULL,NULL
5505920,male,1986,107470242609821,"Randolph, New Jersey",NULL,NULL,25
5506208,male,1986,NULL,NULL,104057089630631,"Hoboken, New Jersey",NULL
5506291,female,1986,108672472490806,"Lewiston, New York",101881036520836,"Philadelphia, Pennsylvania",NULL
5506401,female,NULL,NULL,NULL,NULL,NULL,NULL
5506482,female,NULL,112421118772490,"Barneveld, New York",108212625870265,"Mountain View, California",1
5506681,male,NULL,NULL,NULL,NULL,NULL,NULL
5507112,male,1986,108398645850982,"Newark, New Jersey",108398645850982,"Newark, New Jersey",NULL
5507173,male,1986,NULL,NULL,110184922344060,"Washington, District of Columbia",NULL
5507345,female,NULL,NULL,NULL,NULL,NULL,NULL
5507439,female,1985,NULL,NULL,NULL,NULL,NULL
5507453,female,NULL,NULL,NULL,NULL,NULL,NULL
5507693,female,NULL,110521052305522,"Queens, New York",112341352111008,"Elizabeth City, North Carolina",13
5507709,female,NULL,103741732998584,"Jamestown, New York",NULL,NULL,NULL
5507720,female,NULL,NULL,NULL,108424279189115,"New York, New York",19
5507739,male,NULL,109748972377870,"Syracuse, New York",109748972377870,"Syracuse, New York",NULL
5507758,male,NULL,109743979043294,"Cranston, Rhode Island",106003956105810,"Boston, Massachusetts",NULL
5507797,female,1985,NULL,NULL,116023428408371,"Rumphi, Malawi",NULL
5508311,female,1986,110518242310982,"Kirkville, New York",103760812995441,"Montclair, New Jersey",NULL
5508314,female,NULL,109748972377870,"Syracuse, New York",106003956105810,"Boston, Massachusetts",22
5508354,female,1985,105639222803969,"Fairfield, Connecticut",112111905481230,"Brooklyn, New York",NULL
5508455,male,NULL,108156612541557,"Morristown, New Jersey",109748972377870,"Syracuse, New York",NULL
5508544,male,1983,109625339057215,"Walnut, California",110970792260960,"Los Angeles, California",NULL
5508956,female,NULL,NULL,NULL,108424279189115,"New York, New York",NULL
5509160,female,NULL,NULL,NULL,NULL,NULL,NULL
5509190,male,1983,108443852519092,"Burnt Hills, New York",109925612366788,"Redondo Beach, California",NULL
5509312,female,NULL,NULL,NULL,NULL,NULL,NULL
5509766,male,NULL,NULL,NULL,NULL,NULL,NULL
5510036,female,NULL,NULL,NULL,NULL,NULL,NULL
5510170,female,NULL,107827082573237,"West Seneca, New York",110714572282163,"San Diego, California",4
5510206,male,NULL,114112265268884,"Holbrook, New York",114112265268884,"Holbrook, New York",9
5510342,male,NULL,NULL,NULL,108424279189115,"New York, New York",14
5510355,male,1985,112531222094383,"Gloversville, New York",105957942768622,"Wilmington, Delaware",1
5510365,female,NULL,NULL,NULL,NULL,NULL,NULL
5510822,female,NULL,NULL,NULL,NULL,NULL,NULL
5510971,female,1985,105624549470360,"Douglassville, Pennsylvania",109748972377870,"Syracuse, New York",19
5510984,female,1905,NULL,NULL,NULL,NULL,NULL
5511007,male,NULL,NULL,NULL,NULL,NULL,NULL
5511038,female,NULL,NULL,NULL,NULL,NULL,NULL
5511506,male,NULL,NULL,NULL,NULL,NULL,NULL
5511712,male,NULL,107881775906117,"Port Jervis, New York",105955836101701,"Bellingham, Massachusetts",NULL
5511837,female,1985,106065976090577,"Binghamton, New York",107384699291109,"Albany, New York",1
5512169,male,NULL,NULL,NULL,NULL,NULL,NULL
5512847,female,1986,112531185427546,"Bedford, Massachusetts",105756796124329,"Jersey City, New Jersey",20
5513032,female,NULL,NULL,NULL,NULL,NULL,NULL
5513134,male,NULL,NULL,NULL,NULL,NULL,NULL
5513183,male,NULL,110184922344060,"Washington, District of Columbia",NULL,NULL,NULL
5513531,male,NULL,105915499439993,"Dix Hills, New York",104146386288393,"Newton, Massachusetts",NULL
5513606,female,NULL,109457029073955,"Georgetown, Massachusetts",103782546326682,"Easton, Pennsylvania",10
5513621,male,1986,109373825756448,"Fairfax, Virginia",NULL,NULL,NULL
5513744,female,NULL,NULL,NULL,NULL,NULL,NULL
5513887,female,NULL,112706318744460,"Duncanville, Texas",111762725508574,"Dallas, Texas",22
5513943,female,NULL,NULL,NULL,NULL,NULL,NULL
5514257,female,1986,104080659629871,"Webster (town), New York",109324835754083,"Buffalo, New York",NULL
5514325,female,NULL,NULL,NULL,NULL,NULL,NULL
5514367,female,NULL,NULL,NULL,NULL,NULL,NULL
5514374,female,NULL,NULL,NULL,NULL,NULL,NULL
5514402,female,NULL,106099842755418,"Caguas, Puerto Rico",NULL,NULL,22
5514465,female,1986,108031375891315,"Belchertown, Massachusetts",110184922344060,"Washington, District of Columbia",NULL
5514614,male,1986,112151582135035,"San Juan, Puerto Rico",112151582135035,"San Juan, Puerto Rico",NULL
5514785,female,NULL,107763022580206,"Irvington, New Jersey",106224666074625,"Austin, Texas",NULL
5515083,female,1987,108200995874955,"Kings Park, New York",112438218775062,"Baltimore, Maryland",NULL
5515118,male,1987,109748972377870,"Syracuse, New York",109650795719651,"Los Gatos, California",10
5515255,male,1987,106127072752945,"Neenah, Wisconsin",104081259629164,"El Paso, Texas",NULL
5515297,female,1986,NULL,NULL,NULL,NULL,NULL
5515321,female,NULL,108424279189115,"New York, New York",108424279189115,"New York, New York",9
5515485,male,1987,NULL,NULL,NULL,NULL,6
5515622,male,1987,NULL,NULL,NULL,NULL,8
5515630,female,NULL,106325172737569,"Bronx, New York",107793329243551,"Yonkers, New York",12
5515670,female,NULL,108548369169571,"Colonie, New York",105609109473413,"Guilderland, New York",NULL
5515709,male,NULL,108609689163121,"San Rafael, California",113351142011566,"Tiburon, California",13
5515856,male,NULL,NULL,NULL,107611279261754,"Rochester, New York",9
5516482,female,NULL,NULL,NULL,NULL,NULL,NULL
5516489,female,NULL,111948785483165,"Cupertino, California",115590505119035,"Denver, Colorado",7
5516692,female,NULL,NULL,NULL,NULL,NULL,NULL
5516933,male,NULL,NULL,NULL,NULL,NULL,NULL
5516951,female,NULL,109749585718842,"North Brookfield, Massachusetts",109321959087603,"Emmaus, Pennsylvania",6
5517134,male,1986,108299075857518,"Cooperstown, New York",106003956105810,"Boston, Massachusetts",NULL
5517190,NULL,NULL,103145243059289,"New Milford, Connecticut",114952118516947,"San Francisco, California",25
5517192,female,1987,NULL,NULL,NULL,NULL,11
5517429,female,NULL,NULL,NULL,NULL,NULL,NULL
5517660,male,NULL,108541499165950,"New Haven, Connecticut",101881036520836,"Philadelphia, Pennsylvania",1
5517671,male,1986,106325172737569,"Bronx, New York",109748972377870,"Syracuse, New York",NULL
5517701,male,NULL,110235052328445,South Ozone Park,NULL,NULL,NULL
5517910,female,NULL,108439249188220,"Alfred Station, New York",110332062325629,"Alfred, New York",NULL
5518000,male,NULL,NULL,NULL,NULL,NULL,NULL
5518009,female,NULL,103145243059289,"New Milford, Connecticut",101883206519751,"Singapore, Singapore",25
5518105,female,NULL,NULL,NULL,NULL,NULL,NULL
5518456,male,1987,NULL,NULL,108424279189115,"New York, New York",25
5518716,male,1986,103336369708191,"Marcellus, New York",NULL,NULL,1
5518728,male,NULL,NULL,NULL,106003956105810,"Boston, Massachusetts",NULL
5519624,female,1987,112898595393242,"Elba, New York",112898595393242,"Elba, New York",5
5520078,female,1981,NULL,NULL,NULL,NULL,NULL
5520954,female,NULL,112470922103786,"Somerset, Pennsylvania",101881036520836,"Philadelphia, Pennsylvania",12
5521154,male,NULL,NULL,NULL,NULL,NULL,25
5521262,female,NULL,109505252414157,"Ossining, New York",109505252414157,"Ossining, New York",NULL
5523971,male,NULL,NULL,NULL,NULL,NULL,NULL
5524047,female,1987,113006212046313,"Acton, Massachusetts",107620962593801,"Quincy, Massachusetts",NULL
5524220,male,NULL,105923419438391,"Augusta, Maine",109748972377870,"Syracuse, New York",2
5524469,female,NULL,110521052305522,"Queens, New York",108424279189115,"New York, New York",3
5526291,male,1984,111723415507516,"Canandaigua (city), New York",109748972377870,"Syracuse, New York",NULL
5526577,NULL,NULL,NULL,NULL,NULL,NULL,NULL
5725715,female,NULL,NULL,NULL,NULL,NULL,NULL
5800910,female,NULL,NULL,NULL,NULL,NULL,NULL
5800921,male,NULL,NULL,NULL,112606422085862,"Portland, Maine",NULL
5801021,female,NULL,107456825950965,"Richmond, Maine",111165112241092,"Vienna, Austria",NULL
5801570,female,1985,106518959386001,"Dresden Mills, Maine",111707148845285,"Sabattus, Maine",8
5801641,NULL,NULL,NULL,NULL,NULL,NULL,NULL
5801673,male,1986,105923419438391,"Augusta, Maine",109360339083522,"Alexandria, Virginia",NULL
5802101,male,NULL,NULL,NULL,NULL,NULL,NULL
5802175,female,NULL,105923419438391,"Augusta, Maine",106003956105810,"Boston, Massachusetts",10
5803158,male,NULL,NULL,NULL,NULL,NULL,NULL
5803328,male,1986,109444259073318,"Waterville, Maine",112739992073844,"Portsmouth, New Hampshire",25
5803332,female,NULL,NULL,NULL,NULL,NULL,NULL
5803400,female,1983,105923419438391,"Augusta, Maine",106003956105810,"Boston, Massachusetts",8
5804025,male,NULL,NULL,NULL,NULL,NULL,NULL
5804256,female,NULL,NULL,NULL,NULL,NULL,NULL
5804471,female,1986,105923419438391,"Augusta, Maine",NULL,NULL,NULL
5805003,male,1984,105923419438391,"Augusta, Maine",105887672777246,"Dover-Foxcroft, Maine",3
5805232,female,1985,109507795735830,"Manchester, Maine",105923419438391,"Augusta, Maine",2
5805249,male,NULL,NULL,NULL,105923419438391,"Augusta, Maine",NULL
5805285,male,NULL,105923419438391,"Augusta, Maine",107622495934467,"Bangor, Maine",NULL
5805730,female,NULL,NULL,NULL,NULL,NULL,NULL
5806566,male,1986,105923419438391,"Augusta, Maine",105923419438391,"Augusta, Maine",6
5806996,male,1986,105923419438391,"Augusta, Maine",107977479224480,"Orono, Maine",NULL
5807652,male,1983,108317609188272,"Hallowell, Maine",109659625720552,"Juneau, Alaska",NULL
5808085,female,1985,105923419438391,"Augusta, Maine",105923419438391,"Augusta, Maine",NULL
5808339,female,NULL,NULL,NULL,NULL,NULL,NULL
5809841,male,NULL,105923419438391,"Augusta, Maine",NULL,NULL,NULL
5810372,male,1987,105923419438391,"Augusta, Maine",107647959265181,"Rockland, Maine",NULL
5812266,female,1987,105923419438391,"Augusta, Maine",103106406395553,"Kihei, Hawaii",23
5812487,female,NULL,105923419438391,"Augusta, Maine",112606422085862,"Portland, Maine",25
5812847,male,1985,105669982800823,"Brandon, Vermont",114943251851302,"Pittsburgh, Pennsylvania",NULL
5813837,female,1986,109471895738799,"Sidney, Maine",109471895738799,"Sidney, Maine",8
5814076,female,NULL,105923419438391,"Augusta, Maine",105923419438391,"Augusta, Maine",3
5814426,male,NULL,105923419438391,"Augusta, Maine",105923419438391,"Augusta, Maine",NULL
5814712,male,1986,105923419438391,"Augusta, Maine",103760676330077,"Standish, Maine",NULL
5815683,male,1985,107909145899236,"Somerville, Maine",110323558990816,"Vladivostok, Russia",NULL
5816810,male,NULL,NULL,NULL,NULL,NULL,NULL
5816880,female,NULL,NULL,NULL,NULL,NULL,NULL
5817506,male,NULL,NULL,NULL,NULL,NULL,NULL
5819362,male,NULL,106267792738602,"Windsor, Maine",105923419438391,"Augusta, Maine",NULL
5820485,male,NULL,105923419438391,"Augusta, Maine",109357982423724,"Mount Vernon, Maine",1
5821064,male,NULL,105923419438391,"Augusta, Maine",107697922586262,"Kettering, Ohio",NULL
5821505,male,NULL,105923419438391,"Augusta, Maine",105923419438391,"Augusta, Maine",NULL
5821901,male,NULL,105923419438391,"Augusta, Maine",107089335988971,"Orrs Island, Maine",NULL
6420492,female,NULL,114562655223413,"Valencia, California",105479049486624,"Ann Arbor, Michigan",12
6702343,male,NULL,NULL,NULL,105479049486624,"Ann Arbor, Michigan",NULL
6804054,male,NULL,NULL,NULL,110184922344060,"Washington, District of Columbia",NULL
6837162,male,NULL,NULL,NULL,NULL,NULL,NULL
7101751,female,NULL,107909529231865,"Petaluma, California",108424279189115,"New York, New York",10
7200551,male,NULL,NULL,NULL,108659242498155,"Chicago, Illinois",NULL
7906770,male,NULL,NULL,NULL,NULL,NULL,NULL
8112817,female,NULL,NULL,NULL,NULL,NULL,NULL
9023027,male,1982,NULL,NULL,NULL,NULL,NULL
9378933,male,NULL,NULL,NULL,NULL,NULL,NULL
9431617,male,NULL,NULL,NULL,105479049486624,"Ann Arbor, Michigan",25
9501864,male,NULL,NULL,NULL,NULL,NULL,NULL
9700309,female,NULL,NULL,NULL,NULL,NULL,NULL
9804177,female,NULL,NULL,NULL,NULL,NULL,NULL
10202555,female,1986,107777849244894,"Agoura Hills, California",109683405724572,"Santa Monica, California",25
10401271,female,NULL,NULL,NULL,NULL,NULL,NULL
10515730,male,NULL,NULL,NULL,106003956105810,"Boston, Massachusetts",NULL
10700690,male,NULL,108360209191355,"Lowell, Massachusetts",105479049486624,"Ann Arbor, Michigan",NULL
10717411,female,NULL,NULL,NULL,NULL,NULL,NULL
11301879,female,1986,103758542996056,"White Plains, New York",106003956105810,"Boston, Massachusetts",NULL
12405932,male,NULL,NULL,NULL,NULL,NULL,NULL
13000485,male,NULL,105923419438391,"Augusta, Maine",108424279189115,"New York, New York",20
13306509,female,1987,112232155455468,"Wooster, Ohio",105479049486624,"Ann Arbor, Michigan",NULL
13600789,female,NULL,NULL,NULL,NULL,NULL,NULL
14601076,male,1985,105923419438391,"Augusta, Maine",NULL,NULL,5
14602666,female,NULL,NULL,NULL,NULL,NULL,NULL
15003133,male,1988,105923419438391,"Augusta, Maine",105577239476696,"Brewster, Massachusetts",NULL
16105090,male,NULL,NULL,NULL,NULL,NULL,NULL
16929785,female,NULL,NULL,NULL,105479049486624,"Ann Arbor, Michigan",1
17810518,female,NULL,105923419438391,"Augusta, Maine",108424279189115,"New York, New York",NULL
18206197,male,1987,105479049486624,"Ann Arbor, Michigan",105479049486624,"Ann Arbor, Michigan",NULL
18604637,male,1987,112122412138421,"Bethlehem, Pennsylvania",112122412138421,"Bethlehem, Pennsylvania",3
18604871,male,1986,105923419438391,"Augusta, Maine",104979119537161,"East Winthrop, Maine",25
18702171,male,NULL,105923419438391,"Augusta, Maine",110148382341970,"Miami, Florida",NULL
21420580,female,1987,108450559178997,"Columbus, Ohio",108450559178997,"Columbus, Ohio",NULL
21502345,female,1986,105923419438391,"Augusta, Maine",106566059380422,"New Orleans, Louisiana",NULL
21604002,female,1989,NULL,NULL,NULL,NULL,2
21706940,female,1983,107673405922741,"Oscoda, Michigan",105479049486624,"Ann Arbor, Michigan",NULL
22414437,male,NULL,105479049486624,"Ann Arbor, Michigan",105479049486624,"Ann Arbor, Michigan",NULL
22802255,female,NULL,109800175713141,"Litchfield, Maine",108424279189115,"New York, New York",NULL
22802819,NULL,NULL,NULL,NULL,NULL,NULL,NULL
26005741,female,NULL,NULL,NULL,NULL,NULL,NULL
26902009,female,1986,105923419438391,"Augusta, Maine",105639222803969,"Fairfield, Connecticut",3
28503594,female,NULL,NULL,NULL,NULL,NULL,NULL
30313124,female,NULL,NULL,NULL,NULL,NULL,1
34102941,male,NULL,NULL,NULL,106466316056863,"Palma De Mallorca, Spain",NULL
35005927,female,NULL,NULL,NULL,NULL,NULL,NULL
36106057,female,1986,112150812134955,"Bernie, Missouri",105479049486624,"Ann Arbor, Michigan",NULL
40201285,male,NULL,105923419438391,"Augusta, Maine",108424279189115,"New York, New York",1
40503242,female,NULL,NULL,NULL,108424279189115,"New York, New York",NULL
41900308,male,1985,105923419438391,"Augusta, Maine",105556832812548,"Reston, Virginia",2
42407291,male,NULL,105923419438391,"Augusta, Maine",110184922344060,"Washington, District of Columbia",22
45300218,female,1985,108031199219412,"Gardiner, Maine",112606422085862,"Portland, Maine",24
46901529,female,NULL,NULL,NULL,NULL,NULL,NULL
47400548,female,NULL,105923419438391,"Augusta, Maine",106003956105810,"Boston, Massachusetts",6
47402584,male,1988,NULL,NULL,NULL,NULL,5
50205826,male,NULL,108152092538599,"Seabrook, New Hampshire",108152092538599,"Seabrook, New Hampshire",25
51300664,male,NULL,NULL,NULL,NULL,NULL,NULL
51901101,male,1983,108303492523593,"Gladwin, Michigan",105479049486624,"Ann Arbor, Michigan",NULL
54700240,female,NULL,110521052305522,"Queens, New York",108424279189115,"New York, New York",NULL
55003097,female,1986,106566059380422,"New Orleans, Louisiana",112222822122196,"Little Rock, Arkansas",25
59802703,female,NULL,107676119261614,"Leverett, Massachusetts",107676119261614,"Leverett, Massachusetts",NULL
60201243,male,1985,105923419438391,"Augusta, Maine",108790529141726,"Hillsboro, New Hampshire",3
63000038,male,1986,103336369708191,"Marcellus, New York",112121652138394,"Lakeland, New York",18
67700862,female,NULL,106300959405546,"Minneapolis, Minnesota",105479049486624,"Ann Arbor, Michigan",NULL
68400013,female,NULL,NULL,NULL,NULL,NULL,NULL
70608916,female,NULL,NULL,NULL,NULL,NULL,NULL
78001655,female,NULL,NULL,NULL,NULL,NULL,NULL
115201945,female,NULL,NULL,NULL,110184922344060,"Washington, District of Columbia",NULL
139300115,female,NULL,103999682969695,"Loveland, Ohio",NULL,NULL,NULL
154000077,female,1986,105923419438391,"Augusta, Maine",105923419438391,"Augusta, Maine",NULL
154000970,female,1986,105923419438391,"Augusta, Maine",108031199219412,"Gardiner, Maine",10
160400063,female,NULL,104123396289721,"West Roxbury, Massachusetts",112077188808327,"Foxborough, Massachusetts",25
160400220,female,NULL,NULL,NULL,NULL,NULL,NULL
160400431,female,1984,108317609188272,"Hallowell, Maine",108317609188272,"Hallowell, Maine",NULL
160400928,male,NULL,114952088516011,"Saint Johnsbury, Vermont",109790449047386,"Randolph, Maine",25
165700316,female,NULL,NULL,NULL,NULL,NULL,NULL
171500854,male,1986,105923419438391,"Augusta, Maine",112214178794334,"Scottsville, New York",NULL
172700099,female,NULL,NULL,NULL,107456825950965,"Richmond, Maine",1
172700401,male,1986,105923419438391,"Augusta, Maine",112606422085862,"Portland, Maine",NULL
172700782,male,1986,105923419438391,"Augusta, Maine",106003956105810,"Boston, Massachusetts",11
179700030,male,NULL,105923419438391,"Augusta, Maine",109444259073318,"Waterville, Maine",25
179700031,male,NULL,105923419438391,"Augusta, Maine",108288992526695,"Orlando, Florida",19
179700239,male,1985,105923419438391,"Augusta, Maine",105923419438391,"Augusta, Maine",2
179700276,male,1986,105923419438391,"Augusta, Maine",NULL,NULL,25
186400171,male,NULL,NULL,NULL,NULL,NULL,NULL
502095234,female,1991,108187385875757,"Milford, Michigan",103097519730627,"Grand Blanc, Michigan",14
505692437,male,NULL,106377336067638,"Bangalore, India",112548152092705,"Portland, Oregon",14
505722350,female,NULL,NULL,NULL,NULL,NULL,NULL
507097472,male,NULL,106121469419568,"Rowland Heights, California",109625339057215,"Walnut, California",5
508145867,female,1989,108284282528586,"Providence, Rhode Island",105479049486624,"Ann Arbor, Michigan",NULL
512900887,NULL,NULL,112405398771128,"Shelby Township, Michigan",105479049486624,"Ann Arbor, Michigan",2
515557784,female,NULL,109346209083947,"Roselle, Illinois",105674782800210,"Wichita, Kansas",NULL
515782204,male,NULL,114952118516947,"San Francisco, California",105479049486624,"Ann Arbor, Michigan",1
520145769,female,NULL,NULL,NULL,NULL,NULL,NULL
520604197,female,1979,105923419438391,"Augusta, Maine",105923419438391,"Augusta, Maine",NULL
524622039,male,NULL,NULL,NULL,NULL,NULL,NULL
526295464,female,NULL,NULL,NULL,NULL,NULL,NULL
527020380,male,NULL,NULL,NULL,NULL,NULL,NULL
532031288,female,NULL,NULL,NULL,NULL,NULL,NULL
533601286,female,NULL,106514006053250,"Kyoto, Japan",105479049486624,"Ann Arbor, Michigan",NULL
534974545,male,NULL,NULL,NULL,NULL,NULL,NULL
535701636,female,NULL,112222822122196,"Little Rock, Arkansas",112222822122196,"Little Rock, Arkansas",NULL
538652126,male,NULL,NULL,NULL,105479049486624,"Ann Arbor, Michigan",8
547702927,female,1989,109870912368806,"Ottawa, Ontario",105479049486624,"Ann Arbor, Michigan",NULL
548558827,male,NULL,109625339057215,"Walnut, California",105479049486624,"Ann Arbor, Michigan",2
561397183,female,NULL,104105372960172,"Potomac, Maryland",108758579156273,St Andrews,7
564667061,female,1987,105923419438391,"Augusta, Maine",105923419438391,"Augusta, Maine",NULL
568175916,female,NULL,NULL,NULL,NULL,NULL,NULL
574238442,female,1989,106377336067638,"Bangalore, India",105479049486624,"Ann Arbor, Michigan",7
582032761,female,NULL,NULL,NULL,NULL,NULL,NULL
584607339,female,NULL,NULL,NULL,NULL,NULL,NULL
585470976,male,NULL,105479049486624,"Ann Arbor, Michigan",NULL,NULL,NULL
587731958,female,NULL,105599339473345,"Red Bluff, California",105479049486624,"Ann Arbor, Michigan",NULL
593978695,male,1985,110941395597405,"Toronto, Ontario",110893392264912,"Barrie, Ontario",24
595540534,male,1983,112749005406798,"Stigler, Oklahoma",112358675446636,"Ypsilanti, Michigan",2
595627871,female,NULL,NULL,NULL,NULL,NULL,NULL
596425606,male,1985,NULL,NULL,105923419438391,"Augusta, Maine",NULL
608637746,female,NULL,109748972377870,"Syracuse, New York",109809949045100,"East Syracuse, New York",NULL
619872889,female,1985,107603329262313,"Pittsfield, Maine",106267792738602,"Windsor, Maine",NULL
634406418,male,NULL,NULL,NULL,NULL,NULL,NULL
634581503,female,1989,107838192572373,"Saginaw, Michigan",112358675446636,"Ypsilanti, Michigan",5
645525740,male,NULL,NULL,NULL,NULL,NULL,NULL
653609710,female,1950,NULL,NULL,NULL,NULL,NULL
656937598,female,1991,NULL,NULL,NULL,NULL,NULL
661657915,female,NULL,104054279631781,"Downingtown, Pennsylvania",105479049486624,"Ann Arbor, Michigan",NULL
662204664,female,NULL,112815255400918,"Jackson, Michigan",108071512553616,"Monroe, Michigan",3
670063156,female,NULL,NULL,NULL,105479049486624,"Ann Arbor, Michigan",NULL
670195369,female,NULL,109498995743032,"Placentia, California",107572595931951,"Madison, Wisconsin",25
678006954,male,NULL,NULL,NULL,103137409726423,"Captiva, Florida",1
678893972,male,1985,107338215969064,"West Pawlet, Vermont",112336492111742,"Schenectady, New York",5
688340779,male,1990,115837015097302,"Bhopal, Madhya Pradesh",105479049486624,"Ann Arbor, Michigan",NULL
705324917,male,NULL,NULL,NULL,NULL,NULL,NULL
707638707,female,NULL,NULL,NULL,NULL,NULL,NULL
710315451,male,NULL,106007332772985,"Shenzhen, Guangdong",105479049486624,"Ann Arbor, Michigan",NULL
721296482,male,1989,109373825756448,"Fairfax, Virginia",109373825756448,"Fairfax, Virginia",NULL
721585988,male,1991,108126725874416,"Duxbury, Massachusetts",108126725874416,"Duxbury, Massachusetts",11
730571118,female,1965,106021666096708,"Toledo, Ohio",112262865457575,"Dexter, Michigan",NULL
766620028,male,NULL,NULL,NULL,105479049486624,"Ann Arbor, Michigan",NULL
774795474,male,1984,105923419438391,"Augusta, Maine",105923419438391,"Augusta, Maine",NULL
774845141,female,1987,105923419438391,"Augusta, Maine",105923419438391,"Augusta, Maine",NULL
776222565,male,1986,105923419438391,"Augusta, Maine",108251189197758,"West Palm Beach, Florida",NULL
776583489,male,1987,105923419438391,"Augusta, Maine",105923419438391,"Augusta, Maine",1
791910044,male,NULL,116087261735365,"Port of Spain, Trinidad and Tobago",103137409726423,"Captiva, Florida",NULL
796190098,male,NULL,NULL,NULL,NULL,NULL,NULL
798919227,male,NULL,105923419438391,"Augusta, Maine",105923419438391,"Augusta, Maine",NULL
799735028,female,NULL,NULL,NULL,105479049486624,"Ann Arbor, Michigan",NULL
806390505,female,NULL,NULL,NULL,NULL,NULL,NULL
811117467,female,1967,108284282528586,"Providence, Rhode Island",108031199219412,"Gardiner, Maine",NULL
827815827,male,NULL,106557256044625,"Alleghenyville, Pennsylvania",109621475730251,"Lancaster, Pennsylvania",3
1004252581,female,1976,108126725874416,"Duxbury, Massachusetts",108574335832967,"Canton, Massachusetts",25
1005226671,female,NULL,NULL,NULL,NULL,NULL,NULL
1023691597,male,NULL,NULL,NULL,NULL,NULL,NULL
1035865891,male,NULL,NULL,NULL,106078429431815,"London, United Kingdom",NULL
1036380400,male,NULL,112381992107698,Visakhapatnam,NULL,NULL,NULL
1039797966,female,NULL,NULL,NULL,NULL,NULL,NULL
1052223464,male,NULL,109556245728681,"Millbrook, New York",105479049486624,"Ann Arbor, Michigan",NULL
1054590123,male,1990,105634339470994,"Jamul, California",105479049486624,"Ann Arbor, Michigan",NULL
1067970203,male,NULL,NULL,NULL,NULL,NULL,NULL
1077218467,female,NULL,105923419438391,"Augusta, Maine",112606422085862,"Portland, Maine",15
1081831388,female,NULL,NULL,NULL,NULL,NULL,NULL
1088680976,female,NULL,NULL,NULL,109748972377870,"Syracuse, New York",8
1107205998,male,NULL,112402658772615,"Darien, Connecticut",105518679483096,"Westerly, Rhode Island",NULL
1107431329,female,NULL,109610822397935,Medvezhyegorsk,105479049486624,"Ann Arbor, Michigan",NULL
1109688656,NULL,1931,109748972377870,"Syracuse, New York",109748972377870,"Syracuse, New York",NULL
1118948225,male,1970,104100459627238,"Clinton, Maine",104100459627238,"Clinton, Maine",25
1127160901,male,1965,108424279189115,"New York, New York",112358675446636,"Ypsilanti, Michigan",24
1128221240,male,1980,107453995950866,"Lynn, Massachusetts",106003956105810,"Boston, Massachusetts",NULL
